USE Finca_agricola;

-- Tabla PRODUCTO

INSERT INTO producto (nombre, tipo, unidad_medida, precio)
VALUES
  ('Leche de vaca', 'ganadero', 'litros', 2800),
  ('Queso campesino', 'procesado', 'kg', 12000),
  ('Papa criolla', 'agrícola', 'kg', 3500),
  ('Maíz amarillo', 'agrícola', 'kg', 1800),
  ('Pollo entero', 'ganadero', 'kg', 8500),
  ('Yogur natural', 'procesado', 'litros', 4500),
  ('Tomate chonto', 'agrícola', 'kg', 3000),
  ('Carne de res', 'ganadero', 'kg', 15000),
  ('Pan artesanal', 'procesado', 'unidades', 2500),
  ('Zanahoria', 'agrícola', 'kg', 2200),
  ('Huevos campesinos', 'ganadero', 'unidades', 500),
  ('Arequipe', 'procesado', 'kg', 9800),
  ('Manzana roja', 'agrícola', 'kg', 5200),
  ('Mantequilla', 'procesado', 'kg', 14500),
  ('Arroz integral', 'agrícola', 'kg', 3600),
  ('Carne de cerdo', 'ganadero', 'kg', 13000),
  ('Galletas artesanales', 'procesado', 'unidades', 800),
  ('Remolacha', 'agrícola', 'kg', 2000),
  ('Cuajada', 'procesado', 'kg', 8700),
  ('Lentejas', 'agrícola', 'kg', 2900),
  ('Salchichón', 'procesado', 'kg', 7500),
  ('Naranja', 'agrícola', 'kg', 2700),
  ('Yuca', 'agrícola', 'kg', 2300),
  ('Miel natural', 'procesado', 'litros', 16000),
  ('Cebolla cabezona', 'agrícola', 'kg', 3100),
  ('Costilla de res', 'ganadero', 'kg', 14500),
  ('Café molido', 'procesado', 'kg', 18000),
  ('Morcilla', 'procesado', 'kg', 6200),
  ('Fríjol bola roja', 'agrícola', 'kg', 3800),
  ('Panela en bloque', 'procesado', 'kg', 4500),
  ('Pepino cohombro', 'agrícola', 'kg', 2800),
  ('Pollo despresado', 'ganadero', 'kg', 9200),
  ('Yogur de mora', 'procesado', 'litros', 4700),
  ('Calabacín', 'agrícola', 'kg', 2500),
  ('Leche deslactosada', 'ganadero', 'litros', 3100),
  ('Galletas de avena', 'procesado', 'unidades', 1000),
  ('Mandarina', 'agrícola', 'kg', 2600),
  ('Crema de leche', 'procesado', 'litros', 6200),
  ('Repollo', 'agrícola', 'kg', 2100),
  ('Jamón de cerdo', 'procesado', 'kg', 11000),
  ('Avena en hojuelas', 'agrícola', 'kg', 3700),
  ('Costilla de cerdo', 'ganadero', 'kg', 13800),
  ('Chocolate artesanal', 'procesado', 'kg', 19500),
  ('Brócoli', 'agrícola', 'kg', 3200),
  ('Queso doble crema', 'procesado', 'kg', 13500),
  ('Sandía', 'agrícola', 'kg', 2800),
  ('Morcilla con arroz', 'procesado', 'kg', 6400),
  ('Espinaca', 'agrícola', 'kg', 2400),
  ('Salchicha ranchera', 'procesado', 'kg', 8200),
  ('Aguacate hass', 'agrícola', 'kg', 4900);

-- Tabla EMPLEADO

INSERT INTO empleado (nombre, apellido, cargo, fecha_ingreso, salario, area_asignada)
VALUES 
('Carlos', 'Gómez', 'operario', '2020-01-15', 2500000, 'cultivo'),
('María', 'Pérez', 'técnico', '2019-05-20', 3200000, 'ordeño'),
('Juan', 'Rodríguez', 'administrador', '2018-03-12', 4500000, 'logística'),
('Laura', 'Martínez', 'operario', '2021-06-10', 2600000, 'cultivo'),
('Pedro', 'López', 'técnico', '2020-09-05', 3100000, 'ordeño'),
('Ana', 'Ramírez', 'administrador', '2017-07-22', 4700000, 'logística'),
('Luis', 'Fernández', 'operario', '2022-01-01', 2550000, 'cultivo'),
('Sofía', 'Torres', 'técnico', '2019-11-18', 3300000, 'ordeño'),
('Jorge', 'Moreno', 'administrador', '2016-08-30', 4900000, 'logística'),
('Elena', 'Suárez', 'operario', '2023-02-14', 2400000, 'cultivo'),
('Camilo', 'Castaño', 'técnico', '2021-04-09', 3150000, 'ordeño'),
('Luisa', 'Ortiz', 'administrador', '2015-12-01', 5000000, 'logística'),
('Andrés', 'Mejía', 'operario', '2020-10-28', 2650000, 'cultivo'),
('Valentina', 'Reyes', 'técnico', '2018-06-15', 3400000, 'ordeño'),
('Santiago', 'Ríos', 'administrador', '2017-03-19', 4600000, 'logística'),
('Diana', 'Navarro', 'operario', '2021-12-05', 2700000, 'cultivo'),
('Kevin', 'Silva', 'técnico', '2020-07-24', 3250000, 'ordeño'),
('Isabel', 'Guerra', 'administrador', '2016-05-10', 4800000, 'logística'),
('Daniel', 'Herrera', 'operario', '2023-01-11', 2450000, 'cultivo'),
('Manuela', 'Vargas', 'técnico', '2022-08-16', 3350000, 'ordeño'),
('Mateo', 'Pineda', 'administrador', '2019-10-03', 4700000, 'logística'),
('Gabriela', 'León', 'operario', '2021-03-27', 2600000, 'cultivo'),
('Tomás', 'Mendoza', 'técnico', '2020-11-09', 3200000, 'ordeño'),
('Juliana', 'Peña', 'administrador', '2018-04-04', 4550000, 'logística'),
('Esteban', 'Salazar', 'operario', '2019-09-29', 2750000, 'cultivo'),
('Natalia', 'Córdoba', 'técnico', '2021-08-13', 3450000, 'ordeño'),
('Sebastián', 'Zuluaga', 'administrador', '2016-11-20', 4950000, 'logística'),
('Paula', 'Giraldo', 'operario', '2020-06-06', 2500000, 'cultivo'),
('Ricardo', 'Montoya', 'técnico', '2019-02-22', 3300000, 'ordeño'),
('Melisa', 'Cardona', 'administrador', '2017-01-17', 4800000, 'logística'),
('Diego', 'Quintero', 'operario', '2022-03-01', 2650000, 'cultivo'),
('Karol', 'Acevedo', 'técnico', '2020-12-12', 3150000, 'ordeño'),
('Miguel', 'Valencia', 'administrador', '2015-08-08', 5100000, 'logística'),
('Daniela', 'Rojas', 'operario', '2021-07-17', 2700000, 'cultivo'),
('Alejandro', 'Osorio', 'técnico', '2020-10-30', 3250000, 'ordeño'),
('Andrea', 'Barrios', 'administrador', '2018-05-25', 4700000, 'logística'),
('Felipe', 'Castillo', 'operario', '2023-04-04', 2550000, 'cultivo'),
('Marcela', 'Agudelo', 'técnico', '2022-02-27', 3400000, 'ordeño'),
('Nicolás', 'Estrada', 'administrador', '2017-10-14', 4600000, 'logística'),
('Camila', 'Zapata', 'operario', '2021-11-23', 2800000, 'cultivo'),
('Cristian', 'Delgado', 'técnico', '2019-06-02', 3100000, 'ordeño'),
('Tatiana', 'Londoño', 'administrador', '2016-09-18', 4900000, 'logística'),
('Oscar', 'Bermúdez', 'operario', '2020-03-08', 2600000, 'cultivo'),
('Yesica', 'Gómez', 'técnico', '2021-10-06', 3350000, 'ordeño'),
('Eduardo', 'Mora', 'administrador', '2019-01-12', 4750000, 'logística'),
('Laura', 'Cano', 'operario', '2022-06-18', 2500000, 'cultivo'),
('Jonathan', 'Rincón', 'técnico', '2020-05-21', 3200000, 'ordeño'),
('Angela', 'Peralta', 'administrador', '2018-07-29', 4600000, 'logística'),
('Bryan', 'Sánchez', 'operario', '2021-02-07', 2700000, 'cultivo'),
('Karina', 'Villegas', 'técnico', '2019-03-26', 3400000, 'ordeño');
-- Tabla MAQUINARIA

INSERT INTO maquinaria (nombre, tipo, fecha_adquisicion, estado) VALUES
('Tractor X200', 'Tractor', '2020-03-15', 'operativa'),
('Cosechadora Y300', 'Cosechadora', '2019-08-10', 'mantenimiento'),
('Sistema de riego Z100', 'Riego', '2021-05-20', 'operativa'),
('Molino A1', 'Procesador', '2018-11-12', 'fuera de servicio'),
('Carro de carga B2', 'Transporte', '2020-01-05', 'operativa'),
('Tractor T350', 'Tractor', '2022-07-22', 'operativa'),
('Cosechadora Y500', 'Cosechadora', '2023-03-10', 'mantenimiento'),
('Camión de carga R400', 'Transporte', '2019-10-18', 'fuera de servicio'),
('Rociador Q80', 'Riego', '2021-09-29', 'operativa'),
('Trituradora P60', 'Procesador', '2017-06-14', 'operativa'),
('Tractor TX90', 'Tractor', '2018-04-22', 'mantenimiento'),
('Cosechadora Z9', 'Cosechadora', '2020-02-17', 'operativa'),
('Sistema de riego D4', 'Riego', '2021-12-01', 'operativa'),
('Camión G8', 'Transporte', '2022-05-30', 'fuera de servicio'),
('Empacadora E5', 'Procesador', '2019-07-12', 'mantenimiento'),
('Tractor LX200', 'Tractor', '2020-09-10', 'operativa'),
('Cosechadora C9', 'Cosechadora', '2021-01-18', 'operativa'),
('Rociador automático R3', 'Riego', '2023-02-25', 'operativa'),
('Camión cisterna C100', 'Transporte', '2018-03-05', 'fuera de servicio'),
('Procesador térmico PT50', 'Procesador', '2020-06-11', 'mantenimiento'),
('Tractor ZTX1', 'Tractor', '2023-04-02', 'operativa'),
('Cosechadora automática CA3', 'Cosechadora', '2020-10-14', 'mantenimiento'),
('Sistema de aspersión SA4', 'Riego', '2019-12-20', 'operativa'),
('Vehículo utilitario VU1', 'Transporte', '2022-08-19', 'operativa'),
('Deshidratador D5', 'Procesador', '2021-07-03', 'fuera de servicio'),
('Tractor compacto TC1', 'Tractor', '2019-11-28', 'operativa'),
('Cosechadora ligera CL1', 'Cosechadora', '2022-06-08', 'mantenimiento'),
('Riego por goteo RG1', 'Riego', '2020-05-15', 'operativa'),
('Camioneta 4x4 C4', 'Transporte', '2021-10-21', 'operativa'),
('Prensa industrial PI1', 'Procesador', '2023-01-11', 'mantenimiento'),
('Tractor T400', 'Tractor', '2017-04-10', 'fuera de servicio'),
('Cosechadora dual CD2', 'Cosechadora', '2020-08-03', 'operativa'),
('Sistema nebulizador SN1', 'Riego', '2022-12-30', 'operativa'),
('Camión refrigerado CR1', 'Transporte', '2023-03-23', 'operativa'),
('Pasteurizador PZ1', 'Procesador', '2019-09-15', 'mantenimiento'),
('Tractor eléctrico TE1', 'Tractor', '2021-02-18', 'operativa'),
('Cosechadora solar CS1', 'Cosechadora', '2020-07-07', 'fuera de servicio'),
('Microaspersor MA1', 'Riego', '2018-05-25', 'operativa'),
('Vehículo agrícola VA1', 'Transporte', '2021-11-04', 'mantenimiento'),
('Empacadora automática EA1', 'Procesador', '2022-09-27', 'operativa'),
('Tractor articulado TA1', 'Tractor', '2023-06-15', 'operativa'),
('Cosechadora híbrida CH1', 'Cosechadora', '2022-01-19', 'mantenimiento'),
('Riego móvil RM1', 'Riego', '2020-11-08', 'operativa'),
('Camión de alimentos CA1', 'Transporte', '2019-02-12', 'fuera de servicio'),
('Descascarillador DC1', 'Procesador', '2020-03-27', 'operativa'),
('Tractor TRX2', 'Tractor', '2023-07-10', 'operativa'),
('Cosechadora compacta CC1', 'Cosechadora', '2018-06-22', 'mantenimiento'),
('Aspersor industrial AI1', 'Riego', '2021-08-30', 'operativa'),
('Vehículo todoterreno VT1', 'Transporte', '2020-01-03', 'operativa'),
('Trituradora agrícola TA2', 'Procesador', '2023-04-20', 'operativa');

-- Mantenimiento_maquinaria

INSERT INTO Mantenimiento_maquinaria (id_maquinaria, fecha_inicio, fecha_fin, costo, descripcion)
VALUES
  (141, '2021-08-17', '2021-08-19', 1151093.17, 'Sustitución de piezas desgastadas'),
  (115, '2021-10-13', '2021-10-26', 288368.49, 'Revisión eléctrica'),
  (106, '2024-04-24', '2024-05-02', 192906.62, 'Reparación del motor'),
  (114, '2022-04-22', '2022-05-02', 962725.28, 'Revisión eléctrica'),
  (113, '2025-01-06', '2025-01-18', 1096788.71, 'Cambio de filtros y limpieza'),
  (115, '2023-07-09', '2023-07-20', 525557.46, 'Cambio de aceite y revisión general'),
  (149, '2021-11-23', '2021-12-06', 720529.44, 'Revisión del sistema hidráulico'),
  (110, '2022-03-17', '2022-03-31', 604402.64, 'Reparación del motor'),
  (125, '2021-07-18', '2021-07-25', 1294117.39, 'Reparación de fugas'),
  (117, '2021-03-30', '2021-04-12', 770223.59, 'Reparación del motor'),
  (125, '2021-06-11', '2021-06-21', 545790.68, 'Reparación de fugas'),
  (124, '2024-03-28', '2024-04-02', 1101171.98, 'Cambio de aceite y revisión general'),
  (143, '2022-04-12', '2022-04-26', 540673.75, 'Reparación del motor'),
  (115, '2021-07-26', '2021-08-03', 525264.36, 'Ajuste de frenos y sistema de dirección'),
  (111, '2023-01-29', '2023-02-05', 432834.49, 'Revisión del sistema hidráulico'),
  (145, '2024-10-31', '2024-11-12', 246393.39, 'Mantenimiento preventivo trimestral'),
  (135, '2025-02-02', '2025-02-07', 370593.37, 'Cambio de filtros y limpieza'),
  (118, '2024-08-03', '2024-08-16', 901882.15, 'Ajuste de frenos y sistema de dirección'),
  (150, '2025-05-09', '2025-05-11', 459214.9, 'Cambio de aceite y revisión general'),
  (121, '2023-04-02', '2023-04-08', 239354.62, 'Reparación de fugas'),
  (146, '2022-10-07', '2022-10-12', 1034842.2, 'Cambio de filtros y limpieza'),
  (142, '2023-07-29', '2023-08-02', 507588.22, 'Sustitución de piezas desgastadas'),
  (148, '2024-02-24', '2024-03-05', 504701.17, 'Reparación de fugas'),
  (128, '2024-04-10', '2024-04-18', 638695.2, 'Mantenimiento preventivo trimestral'),
  (133, '2023-10-08', '2023-10-11', 1170305.91, 'Reparación del motor'),
  (110, '2024-07-09', '2024-07-13', 1219307.14, 'Cambio de filtros y limpieza'),
  (139, '2021-05-11', '2021-05-19', 665186.04, 'Actualización del software del sistema'),
  (134, '2022-05-30', '2022-06-09', 1312052.6, 'Cambio de aceite y revisión general'),
  (144, '2025-01-16', '2025-01-19', 1070309.0, 'Revisión eléctrica'),
  (149, '2022-07-01', '2022-07-15', 1015298.43, 'Reparación del motor'),
  (119, '2023-06-10', '2023-06-14', 762527.0, 'Revisión del sistema hidráulico'),
  (133, '2025-04-10', '2025-04-14', 835370.26, 'Reparación del motor'),
  (141, '2022-09-04', '2022-09-19', 1012581.82, 'Reparación de fugas'),
  (113, '2021-11-10', '2021-11-17', 1179389.58, 'Revisión eléctrica'),
  (150, '2023-12-23', '2023-12-25', 958575.19, 'Actualización del software del sistema'),
  (102, '2021-08-18', '2021-08-25', 1336274.54, 'Revisión del sistema hidráulico'),
  (116, '2021-04-29', '2021-05-04', 1335312.96, 'Reparación del motor'),
  (106, '2025-02-07', '2025-02-16', 1251631.39, 'Revisión eléctrica'),
  (150, '2021-09-15', '2021-09-19', 1040663.61, 'Revisión eléctrica'),
  (111, '2022-06-27', '2022-07-07', 1327784.61, 'Cambio de filtros y limpieza'),
  (114, '2024-01-10', '2024-01-24', 1135406.94, 'Sustitución de piezas desgastadas'),
  (146, '2022-10-01', '2022-10-09', 1493451.63, 'Ajuste de frenos y sistema de dirección'),
  (129, '2023-11-26', '2023-12-05', 313355.66, 'Sustitución de piezas desgastadas'),
  (105, '2022-11-24', '2022-11-26', 944216.77, 'Sustitución de piezas desgastadas'),
  (138, '2022-03-28', '2022-03-30', 245840.67, 'Cambio de aceite y revisión general'),
  (115, '2021-05-19', '2021-05-21', 1310507.79, 'Reparación del motor'),
  (133, '2022-05-03', '2022-05-09', 1053120.0, 'Sustitución de piezas desgastadas'),
  (135, '2021-09-28', '2021-10-11', 1412944.22, 'Reparación de fugas'),
  (137, '2023-08-27', '2023-09-01', 1209236.22, 'Cambio de filtros y limpieza'),
  (113, '2021-07-13', '2021-07-16', 1039626.71, 'Ajuste de frenos y sistema de dirección');
  
  -- proveedores
  
  INSERT INTO proveedor (nombre, telefono, direccion, email) VALUES
('AgroInsumos S.A.', '3101234567', 'Calle 10 #5-22', 'contacto@agroinsumos.com'),
('Fertilizantes del Norte', '3123456789', 'Cra 15 #40-33', 'ventas@fertinorte.com'),
('Maquinarias Agrícolas SAS', '3115678901', 'Av. Industrial #12-80', 'info@maqsas.com'),
('AgroSur', '3102233445', 'Cra 7 #14-60', 'agrosur@correo.com'),
('Semillas Verdes Ltda', '3001122334', 'Calle 8 #25-10', 'ventas@semillasverdes.com'),
('AgroAndes', '3112233445', 'Cra 18 #45-12', 'agroandes@correo.com'),
('Campo Sano', '3003344556', 'Calle 12 #8-50', 'contacto@camposano.com'),
('BioCultivos', '3134455667', 'Av. Central #33-90', 'biocultivos@correo.com'),
('Insumos El Campo', '3012233445', 'Cra 5 #20-40', 'ventas@insumoscampo.com'),
('Agrofer S.A.', '3023344556', 'Calle 15 #9-20', 'info@agrofer.com'),
('FincaFert', '3109876543', 'Km 3 vía a Chía', 'contacto@fincafert.com'),
('NutriAgro', '3118765432', 'Av. 1ra #13-55', 'info@nutriagro.com'),
('Agrosoluciones', '3127654321', 'Cra 9 #55-21', 'ventas@agrosoluciones.com'),
('Agropecuaria la Llanura', '3136543210', 'Calle 7 #8-60', 'contacto@llanura.com'),
('ProCampo SAS', '3145432109', 'Av. de los Estudiantes #12-20', 'procampo@correo.com'),
('Agroamazonas', '3154321098', 'Calle 10 #7-12', 'ventas@agroamazonas.com'),
('CampoVerde Ltda', '3163210987', 'Cra 10 #6-45', 'info@campoverde.com'),
('AgroCafé', '3172109876', 'Calle 5 #3-33', 'contacto@agrocafe.com'),
('Insumos de Colombia', '3181098765', 'Cra 17 #88-90', 'ventas@inscol.com'),
('RiegoTotal', '3190987654', 'Av. Las Aguas #2-10', 'riego@total.com'),
('AgroQuimicos S.A.', '3009988776', 'Calle 22 #11-43', 'agroquimicos@correo.com'),
('PlantaPlus', '3108877665', 'Cra 30 #65-89', 'info@plantaplus.com'),
('CampoFértil', '3117766554', 'Calle 8 #10-11', 'contacto@campofertil.com'),
('Semillas del Sol', '3126655443', 'Av. Bolívar #33-44', 'solsemillas@correo.com'),
('AgroLlanos', '3135544332', 'Cra 12 #22-33', 'ventas@agrollanos.com'),
('MaquiRent', '3144433221', 'Calle 13 #7-88', 'alquiler@maquirent.com'),
('CampoTech', '3153322110', 'Cra 18 #55-10', 'info@campotech.com'),
('AgroBio', '3162211009', 'Calle 2 #3-40', 'biotech@agrobio.com'),
('Fertiza', '3171100998', 'Cra 15 #20-99', 'ventas@fertiza.com'),
('AgroSierra', '3180099887', 'Calle 4 #6-55', 'info@agrosierra.com'),
('Hacienda Provisión', '3199988776', 'Vereda El Retiro', 'hacienda@provision.com'),
('Insumos de Occidente', '3008877665', 'Av. del Agricultor #12-34', 'contacto@insoccidente.com'),
('AgroMontaña', '3107766554', 'Calle 6 #9-88', 'ventas@agromontana.com'),
('CampoListo', '3116655443', 'Cra 5 #13-14', 'campos@listo.com'),
('AgroUnidos', '3125544332', 'Calle 1 #8-90', 'info@agrounidos.com'),
('VerdeVida', '3134433221', 'Cra 11 #10-10', 'contacto@verdevida.com'),
('CultivaFácil', '3143322110', 'Calle 3 #7-77', 'ventas@cultivafacil.com'),
('AgroDelicias', '3152211009', 'Cra 20 #20-20', 'info@agrodelicias.com'),
('RiegoFácil', '3161100998', 'Av. Norte #10-10', 'riego@facil.com'),
('NutriFinca', '3170099887', 'Calle 11 #11-11', 'contacto@nutrifinca.com'),
('Agroinsumos XYZ', '3189988776', 'Cra 16 #40-44', 'ventas@agroxyz.com'),
('GreenAgro', '3198877665', 'Av. Campesina #23-45', 'contacto@greenagro.com'),
('FincaOrgánica', '3007766554', 'Calle 9 #5-66', 'info@fincaorganica.com'),
('AgroProveedores SAS', '3106655443', 'Cra 4 #17-32', 'proveedores@agropro.com'),
('FertiAgro', '3115544332', 'Calle 20 #20-30', 'fertiagro@correo.com'),
('AgroInnovación', '3124433221', 'Av. Sur #11-12', 'innovacion@agro.com'),
('Ruraliza', '3133322110', 'Cra 9 #6-60', 'info@ruraliza.com'),
('CampoExpertos', '3142211009', 'Calle 17 #17-17', 'contacto@campoexpertos.com'),
('AgroExpress', '3151100998', 'Cra 3 #2-22', 'ventas@agroexpress.com'),
('InsumosVitales', '3160099887', 'Calle 19 #9-99', 'info@insumosvitales.com');

-- cliente 

INSERT INTO cliente (nombre, telefono, direccion, email) VALUES
('Juan Pérez', '3101112233', 'Calle 11 #5-10', 'juan.perez@email.com'),
('María Gómez', '3112223344', 'Cra 6 #22-30', 'maria.gomez@email.com'),
('Carlos Rodríguez', '3123334455', 'Calle 7 #15-40', 'carlos.rod@email.com'),
('Ana Torres', '3134445566', 'Cra 18 #10-20', 'ana.torres@email.com'),
('Luis Martínez', '3145556677', 'Calle 9 #9-90', 'luis.mtz@email.com'),
('Laura Herrera', '3156667788', 'Cra 12 #7-33', 'laura.herrera@email.com'),
('Jorge Ramírez', '3167778899', 'Calle 4 #4-22', 'jorge.ramirez@email.com'),
('Camila López', '3178889900', 'Cra 25 #30-15', 'camila.lopez@email.com'),
('Daniel Castro', '3189990011', 'Calle 16 #12-50', 'daniel.castro@email.com'),
('Sofía Ruiz', '3190001122', 'Cra 11 #11-11', 'sofia.ruiz@email.com'),
('Andrés Molina', '3001234567', 'Calle 20 #6-20', 'andres.molina@email.com'),
('Valentina Torres', '3012345678', 'Cra 8 #13-14', 'valentina.torres@email.com'),
('Mateo Sánchez', '3023456789', 'Calle 5 #9-10', 'mateo.sanchez@email.com'),
('Isabella Ríos', '3034567890', 'Cra 19 #22-21', 'isabella.rios@email.com'),
('Sebastián Arias', '3045678901', 'Calle 3 #3-30', 'sebastian.arias@email.com'),
('Paula Mendoza', '3056789012', 'Cra 10 #8-18', 'paula.mendoza@email.com'),
('Felipe Gómez', '3067890123', 'Calle 13 #2-40', 'felipe.gomez@email.com'),
('Manuela Romero', '3078901234', 'Cra 14 #17-70', 'manuela.romero@email.com'),
('Tomás Gil', '3089012345', 'Calle 6 #20-30', 'tomas.gil@email.com'),
('Daniela Cárdenas', '3090123456', 'Cra 7 #15-10', 'daniela.cardenas@email.com'),
('Samuel Peña', '3101234567', 'Calle 17 #4-60', 'samuel.pena@email.com'),
('Mariana Suárez', '3112345678', 'Cra 3 #7-22', 'mariana.suarez@email.com'),
('David León', '3123456789', 'Calle 10 #3-11', 'david.leon@email.com'),
('Sara Mejía', '3134567890', 'Cra 22 #14-55', 'sara.mejia@email.com'),
('Emilio Vargas', '3145678901', 'Calle 2 #10-20', 'emilio.vargas@email.com'),
('Antonia Paredes', '3156789012', 'Cra 6 #6-66', 'antonia.paredes@email.com'),
('Julián Niño', '3167890123', 'Calle 14 #8-90', 'julian.nino@email.com'),
('Nicole Salazar', '3178901234', 'Cra 9 #5-44', 'nicole.salazar@email.com'),
('Gabriel Herrera', '3189012345', 'Calle 8 #4-20', 'gabriel.herrera@email.com'),
('Catalina Vera', '3190123456', 'Cra 15 #9-55', 'catalina.vera@email.com'),
('Martín Orozco', '3002345678', 'Calle 18 #10-30', 'martin.orozco@email.com'),
('Luisa Navarro', '3013456789', 'Cra 20 #3-33', 'luisa.navarro@email.com'),
('Simón Beltrán', '3024567890', 'Calle 19 #6-60', 'simon.beltran@email.com'),
('Renata Parra', '3035678901', 'Cra 2 #11-10', 'renata.parra@email.com'),
('Esteban Lobo', '3046789012', 'Calle 15 #7-12', 'esteban.lobo@email.com'),
('Juliana Montoya', '3057890123', 'Cra 21 #22-22', 'juliana.montoya@email.com'),
('Emmanuel Acosta', '3068901234', 'Calle 12 #1-44', 'emmanuel.acosta@email.com'),
('Adriana Pino', '3079012345', 'Cra 13 #4-55', 'adriana.pino@email.com'),
('Pedro Serrano', '3080123456', 'Calle 1 #3-33', 'pedro.serrano@email.com'),
('Luciana Ortiz', '3091234567', 'Cra 17 #16-80', 'luciana.ortiz@email.com'),
('Iván Castaño', '3102345678', 'Calle 21 #14-25', 'ivan.castano@email.com'),
('Carolina Ruiz', '3113456789', 'Cra 5 #20-50', 'carolina.ruiz@email.com'),
('Benjamín Camargo', '3124567890', 'Calle 3 #6-70', 'benjamin.camargo@email.com'),
('Daniela Niño', '3135678901', 'Cra 16 #18-10', 'daniela.nino@email.com'),
('Lucas Rueda', '3146789012', 'Calle 4 #2-22', 'lucas.rueda@email.com'),
('María Paula Díaz', '3157890123', 'Cra 1 #13-33', 'mariapaula.diaz@email.com'),
('Jerónimo Vargas', '3168901234', 'Calle 22 #5-40', 'jeronimo.vargas@email.com'),
('Sara Rodríguez', '3179012345', 'Cra 24 #3-60', 'sara.rodriguez@email.com'),
('Alejandro Páez', '3180123456', 'Calle 6 #18-50', 'alejandro.paez@email.com'),
('Regina Silva', '3191234567', 'Cra 23 #9-10', 'regina.silva@email.com');

-- inventario 

INSERT INTO inventario (id_producto, cantidad_disponible, fecha_ultima_actualizacion) VALUES
(1, 520, '2025-08-01'),
(2, 310, '2025-08-03'),
(3, 1250, '2025-08-02'),
(4, 870, '2025-08-04'),
(5, 450, '2025-08-01'),
(6, 600, '2025-08-03'),
(7, 980, '2025-08-02'),
(8, 390, '2025-08-04'),
(9, 1200, '2025-08-01'),
(10, 700, '2025-08-03'),
(11, 3000, '2025-08-02'),
(12, 210, '2025-08-04'),
(13, 560, '2025-08-01'),
(14, 330, '2025-08-03'),
(15, 1430, '2025-08-02'),
(16, 480, '2025-08-04'),
(17, 1500, '2025-08-01'),
(18, 820, '2025-08-03'),
(19, 265, '2025-08-02'),
(20, 1350, '2025-08-04'),
(21, 710, '2025-08-01'),
(22, 990, '2025-08-03'),
(23, 1110, '2025-08-02'),
(24, 305, '2025-08-04'),
(25, 950, '2025-08-01'),
(26, 420, '2025-08-03'),
(27, 600, '2025-08-02'),
(28, 215, '2025-08-04'),
(29, 775, '2025-08-01'),
(30, 1800, '2025-08-03'),
(31, 860, '2025-08-02'),
(32, 510, '2025-08-04'),
(33, 470, '2025-08-01'),
(34, 620, '2025-08-03'),
(35, 580, '2025-08-02'),
(36, 2000, '2025-08-04'),
(37, 740, '2025-08-01'),
(38, 330, '2025-08-03'),
(39, 910, '2025-08-02'),
(40, 370, '2025-08-04'),
(41, 1140, '2025-08-01'),
(42, 450, '2025-08-03'),
(43, 290, '2025-08-02'),
(44, 730, '2025-08-04'),
(45, 410, '2025-08-01'),
(46, 680, '2025-08-03'),
(47, 325, '2025-08-02'),
(48, 890, '2025-08-04'),
(49, 560, '2025-08-01'),
(50, 1040, '2025-08-03');

-- ventas

INSERT INTO venta (id_cliente, fecha_venta, total) VALUES
(260, '2025-07-28', 425511),
(294, '2025-07-02', 477284),
(265, '2025-07-10', 440998),
(274, '2025-07-19', 154344),
(281, '2025-07-18', 65818),
(290, '2025-08-04', 320991),
(298, '2025-07-05', 396322),
(299, '2025-07-04', 369336),
(254, '2025-07-10', 373200),
(251, '2025-07-20', 332871),
(288, '2025-08-04', 92327),
(267, '2025-07-06', 114865),
(261, '2025-07-07', 424680),
(300, '2025-07-26', 67185),
(293, '2025-07-06', 99266),
(283, '2025-08-01', 421159),
(256, '2025-07-18', 212793),
(291, '2025-07-25', 404218),
(281, '2025-07-11', 438625),
(289, '2025-07-20', 376908),
(299, '2025-07-12', 235986),
(273, '2025-07-09', 79680),
(290, '2025-08-03', 123374),
(286, '2025-07-24', 387809),
(286, '2025-07-05', 426848),
(292, '2025-07-09', 126929),
(251, '2025-07-01', 286700),
(263, '2025-07-11', 389700),
(294, '2025-07-07', 112608),
(300, '2025-07-24', 132259),
(264, '2025-07-11', 354851),
(294, '2025-07-28', 256716),
(261, '2025-07-03', 494847),
(281, '2025-07-17', 433759),
(253, '2025-07-12', 298858),
(258, '2025-07-31', 410179),
(276, '2025-07-03', 256709),
(268, '2025-07-06', 180338),
(291, '2025-07-31', 476036),
(279, '2025-07-26', 336502),
(293, '2025-07-30', 223382),
(288, '2025-07-06', 234892),
(285, '2025-07-04', 111405),
(296, '2025-07-08', 216870),
(267, '2025-07-10', 268009),
(263, '2025-07-27', 129401),
(287, '2025-07-27', 418552),
(280, '2025-07-24', 399914),
(295, '2025-07-13', 237345),
(259, '2025-07-17', 184840);

-- detalle venta

INSERT INTO detalle_venta (id_venta, id_producto, cantidad, precio_unitario) VALUES
(391, 8, 1, 9512),
(366, 15, 5, 3858),
(394, 48, 18, 3348),
(388, 28, 2, 1476),
(356, 14, 8, 17059),
(389, 2, 18, 7015),
(396, 42, 18, 14246),
(365, 29, 19, 9615),
(351, 49, 6, 14348),
(372, 18, 5, 7555),
(399, 22, 4, 3539),
(375, 7, 12, 11770),
(389, 17, 2, 15554),
(385, 8, 13, 3082),
(386, 19, 20, 12350),
(387, 13, 3, 2001),
(393, 15, 10, 3114),
(365, 7, 13, 9608),
(380, 41, 12, 5829),
(374, 23, 7, 9248),
(395, 44, 3, 6107),
(385, 47, 8, 5854),
(380, 25, 9, 18750),
(365, 44, 11, 2332),
(365, 3, 11, 13645),
(368, 5, 7, 19085),
(396, 21, 7, 16858),
(376, 42, 15, 5181),
(398, 4, 8, 7973),
(386, 10, 8, 8887),
(353, 28, 18, 10095),
(354, 40, 3, 14481),
(382, 31, 13, 7711),
(392, 30, 14, 7876),
(365, 17, 1, 12544),
(399, 19, 15, 18735),
(392, 15, 18, 4163),
(385, 22, 3, 5795),
(384, 49, 5, 15463),
(390, 24, 4, 7390),
(359, 8, 17, 5442),
(398, 6, 17, 7439),
(397, 4, 6, 18827),
(397, 20, 3, 9113),
(392, 38, 5, 17361),
(374, 35, 3, 5462),
(357, 5, 1, 11966),
(351, 43, 6, 6332),
(359, 27, 4, 7125),
(357, 40, 17, 6903);

-- compra

INSERT INTO compra (id_proveedor, fecha_compra, total) VALUES
(217, '2024-06-23', 157090),
(243, '2024-01-08', 425490),
(221, '2023-12-17', 175140),
(217, '2025-03-20', 257505),
(209, '2024-10-31', 402159),
(242, '2024-12-18', 207284),
(230, '2024-06-03', 215767),
(249, '2024-12-17', 88033),
(201, '2025-03-17', 290273),
(240, '2024-11-07', 345170),
(207, '2024-08-29', 88409),
(235, '2024-07-27', 161754),
(233, '2024-09-06', 189041),
(209, '2024-09-02', 232981),
(205, '2024-09-09', 178075),
(224, '2023-12-11', 199415),
(211, '2025-02-27', 279734),
(235, '2025-01-19', 418857),
(220, '2024-01-24', 370695),
(242, '2025-05-16', 327317),
(201, '2023-11-29', 400152),
(236, '2023-11-08', 206960),
(243, '2024-10-08', 104309),
(209, '2025-03-11', 188656),
(208, '2024-11-14', 106117),
(248, '2024-01-30', 340048),
(210, '2024-01-03', 192788),
(219, '2024-02-26', 367105),
(214, '2024-09-04', 426235),
(222, '2023-12-10', 156743),
(244, '2024-08-13', 382523),
(217, '2024-05-23', 314979),
(232, '2025-03-13', 181659),
(204, '2024-08-02', 98390),
(241, '2024-07-11', 272075),
(218, '2023-09-17', 73114),
(201, '2023-09-27', 224879),
(250, '2024-10-31', 118587),
(241, '2024-08-22', 187340),
(211, '2024-04-20', 438618),
(229, '2024-03-08', 339239),
(246, '2024-02-04', 274231),
(236, '2024-08-14', 55069),
(208, '2024-02-11', 89449),
(245, '2025-07-30', 128147),
(235, '2024-02-01', 68889),
(224, '2024-06-03', 355402),
(236, '2025-07-19', 127643),
(228, '2025-06-12', 116818),
(203, '2024-05-12', 211616);

-- detalle compra

INSERT INTO detalle_compra (id_compra, id_producto, cantidad, precio_unitario) VALUES
(474, 3, 46, 8883),
(494, 16, 86, 5368),
(473, 50, 72, 15316),
(490, 48, 20, 9757),
(461, 12, 53, 2812),
(462, 48, 43, 15491),
(493, 48, 32, 10742),
(461, 45, 14, 14535),
(453, 31, 29, 8539),
(480, 23, 40, 9457),
(465, 2, 85, 8328),
(476, 22, 36, 4274),
(500, 18, 45, 18692),
(476, 44, 69, 12851),
(452, 8, 34, 7851),
(488, 17, 5, 5552),
(489, 28, 45, 12278),
(478, 39, 66, 5789),
(475, 37, 25, 10346),
(453, 46, 56, 2055),
(484, 35, 88, 8456),
(474, 28, 9, 12819),
(490, 21, 85, 6083),
(497, 20, 65, 12134),
(493, 27, 42, 15185),
(495, 19, 71, 6170),
(463, 27, 86, 14423),
(494, 48, 23, 11861),
(476, 36, 1, 11957),
(469, 14, 56, 12559),
(480, 29, 57, 9002),
(483, 31, 95, 7560),
(493, 6, 37, 18890),
(493, 41, 80, 12983),
(456, 49, 31, 12171),
(465, 13, 19, 2800),
(453, 16, 61, 4386),
(480, 27, 81, 8371),
(496, 45, 50, 18199),
(476, 16, 19, 2181),
(499, 50, 14, 15931),
(465, 12, 90, 18972),
(480, 4, 72, 10165),
(458, 30, 18, 17225),
(493, 34, 72, 12397),
(499, 29, 79, 18540),
(478, 36, 58, 7215),
(498, 31, 58, 10493),
(499, 16, 82, 11086),
(500, 50, 67, 17879);

-- produccion

INSERT INTO produccion (id_producto, fecha_produccion, cantidad_producida, id_empleado, id_maquinaria) VALUES
(41, '2024-08-17', 132, 68, 129),
(5, '2023-08-22', 375, 69, 116),
(18, '2024-01-29', 181, 71, 135),
(6, '2025-06-14', 80, 60, 115),
(25, '2023-11-29', 365, 60, 146),
(14, '2024-05-25', 42, 77, 127),
(22, '2024-07-07', 287, 80, 127),
(4, '2024-05-31', 115, 77, 125),
(50, '2023-11-25', 309, 95, 102),
(49, '2024-07-07', 304, 75, 131),
(1, '2024-08-13', 492, 73, 120),
(49, '2024-09-28', 209, 77, 135),
(48, '2024-01-04', 386, 85, NULL),
(39, '2023-10-29', 469, 65, 132),
(15, '2023-10-14', 149, 78, 132),
(2, '2024-01-25', 209, 72, 143),
(44, '2024-10-12', 418, 76, 147),
(11, '2024-12-26', 440, 80, 109),
(40, '2024-04-10', 283, 52, 126),
(38, '2025-02-06', 298, 93, 102),
(6, '2023-12-20', 339, 78, 109),
(30, '2024-04-07', 103, 54, 117),
(25, '2024-07-07', 177, 64, 130),
(21, '2024-02-17', 182, 99, 125),
(18, '2023-09-01', 395, 77, 117),
(6, '2025-07-21', 250, 52, 148),
(35, '2024-05-10', 36, 73, 115),
(42, '2024-12-24', 45, 100, 142),
(3, '2023-09-01', 396, 52, 116),
(13, '2024-11-09', 439, 52, 140),
(10, '2025-06-12', 132, 59, 131),
(43, '2024-09-11', 68, 87, 114),
(30, '2023-10-27', 368, 67, 150),
(24, '2024-10-15', 95, 89, 139),
(48, '2024-04-21', 377, 58, 150),
(11, '2025-04-29', 169, 57, 138),
(2, '2024-11-08', 485, 70, 137),
(44, '2023-11-24', 474, 75, 126),
(46, '2024-03-09', 111, 55, 138),
(45, '2024-08-25', 435, 91, 116),
(7, '2024-02-25', 366, 100, 120),
(44, '2023-09-10', 317, 58, NULL),
(37, '2025-01-18', 410, 53, 123),
(35, '2024-10-04', 229, 93, 124),
(5, '2023-09-15', 269, 92, 122),
(1, '2023-11-11', 444, 77, NULL),
(32, '2025-06-16', 64, 78, 124),
(41, '2024-03-22', 466, 80, 146),
(10, '2023-09-16', 232, 62, 147),
(34, '2024-11-27', 343, 68, 140);

-- lotes

INSERT INTO lote (id_produccion, tamaño_lote, cantidad_producida_unidad) VALUES
(551, 25, 625),
(552, 50, 1875),
(553, 40, 724),
(554, 20, 1600),
(555, 50, 1825),
(556, 30, 1260),
(557, 35, 1005),
(558, 20, 2300),
(559, 30, 912),
(560, 40, 1216),
(561, 40, 1968),
(562, 25, 522),
(563, 50, 2345),
(564, 50, 745),
(565, 30, 447),
(566, 20, 4180),
(567, 25, 1100),
(568, 50, 14900),
(569, 50, 1015),
(570, 30, 894),
(571, 30, 3090),
(572, 25, 2575),
(573, 20, 3640),
(574, 25, 1250),
(575, 20, 720),
(576, 50, 1800),
(577, 20, 900),
(578, 50, 1980),
(579, 40, 1750),
(580, 25, 1500),
(581, 50, 3400),
(582, 50, 2840),
(583, 40, 1520),
(584, 30, 1131),
(585, 30, 1701),
(586, 40, 1940),
(587, 25, 1175),
(588, 50, 2175),
(589, 30, 1920),
(590, 40, 1772),
(591, 50, 2200),
(592, 25, 792),
(593, 50, 2050),
(594, 30, 687),
(595, 25, 1040),
(596, 25, 575),
(597, 40, 1640),
(598, 20, 932),
(599, 25, 1625),
(600, 50, 1715);

-- costos

INSERT INTO costos (id_empleado, id_maq, id_produccion, tipo, monto, fecha) VALUES
(51, 101, 551, 'mano de obra', 125000, '2025-06-01'),
(52, 102, 552, 'materia prima', 198000, '2025-06-02'),
(53, 103, 553, 'energía', 134500, '2025-06-03'),
(54, 104, 554, 'mantenimiento', 87000, '2025-06-04'),
(55, 105, 555, 'insumos', 158000, '2025-06-05'),
(56, 101, 556, 'mano de obra', 93000, '2025-06-06'),
(57, 102, 557, 'materia prima', 167500, '2025-06-07'),
(58, 103, 558, 'energía', 110000, '2025-06-08'),
(59, 104, 559, 'mantenimiento', 120000, '2025-06-09'),
(60, 105, 560, 'insumos', 175000, '2025-06-10'),
(61, 101, 561, 'mano de obra', 98000, '2025-06-11'),
(62, 102, 562, 'materia prima', 142500, '2025-06-12'),
(63, 103, 563, 'energía', 107000, '2025-06-13'),
(64, 104, 564, 'mantenimiento', 112000, '2025-06-14'),
(65, 105, 565, 'insumos', 119000, '2025-06-15'),
(66, 101, 566, 'mano de obra', 91000, '2025-06-16'),
(67, 102, 567, 'materia prima', 150000, '2025-06-17'),
(68, 103, 568, 'energía', 115000, '2025-06-18'),
(69, 104, 569, 'mantenimiento', 121000, '2025-06-19'),
(70, 105, 570, 'insumos', 170000, '2025-06-20'),
(51, 101, 571, 'mano de obra', 130000, '2025-06-21'),
(52, 102, 572, 'materia prima', 189000, '2025-06-22'),
(53, 103, 573, 'energía', 98000, '2025-06-23'),
(54, 104, 574, 'mantenimiento', 104000, '2025-06-24'),
(55, 105, 575, 'insumos', 137500, '2025-06-25'),
(56, 101, 576, 'mano de obra', 96000, '2025-06-26'),
(57, 102, 577, 'materia prima', 172000, '2025-06-27'),
(58, 103, 578, 'energía', 109000, '2025-06-28'),
(59, 104, 579, 'mantenimiento', 102000, '2025-06-29'),
(60, 105, 580, 'insumos', 144000, '2025-06-30'),
(61, 101, 581, 'mano de obra', 99000, '2025-07-01'),
(62, 102, 582, 'materia prima', 147000, '2025-07-02'),
(63, 103, 583, 'energía', 108000, '2025-07-03'),
(64, 104, 584, 'mantenimiento', 96000, '2025-07-04'),
(65, 105, 585, 'insumos', 160000, '2025-07-05'),
(66, 101, 586, 'mano de obra', 94000, '2025-07-06'),
(67, 102, 587, 'materia prima', 155000, '2025-07-07'),
(68, 103, 588, 'energía', 111000, '2025-07-08'),
(69, 104, 589, 'mantenimiento', 105000, '2025-07-09'),
(70, 105, 590, 'insumos', 176000, '2025-07-10'),
(51, 101, 591, 'mano de obra', 134000, '2025-07-11'),
(52, 102, 592, 'materia prima', 193000, '2025-07-12'),
(53, 103, 593, 'energía', 101000, '2025-07-13'),
(54, 104, 594, 'mantenimiento', 107500, '2025-07-14'),
(55, 105, 595, 'insumos', 139000, '2025-07-15'),
(56, 101, 596, 'mano de obra', 95000, '2025-07-16'),
(57, 102, 597, 'materia prima', 174000, '2025-07-17'),
(58, 103, 598, 'energía', 113000, '2025-07-18'),
(59, 104, 599, 'mantenimiento', 99000, '2025-07-19'),
(60, 105, 600, 'insumos', 158000, '2025-07-20');

-- empleado_maquinaria

INSERT INTO Empleado_Maquinaria (id_empleado, id_maquinaria, fecha_operacion, actividad_realizada) VALUES
(51, 101, '2024-01-15', 'Labranza'),
(52, 103, '2024-01-20', 'Riego'),
(53, 105, '2024-01-25', 'Carga de insumos'),
(54, 107, '2024-02-02', 'Cosecha'),
(55, 109, '2024-02-10', 'Riego automatizado'),
(56, 111, '2024-02-15', 'Arado'),
(57, 113, '2024-02-20', 'Distribución de agua'),
(58, 115, '2024-02-28', 'Empacado de productos'),
(59, 117, '2024-03-05', 'Recolección manual'),
(60, 119, '2024-03-12', 'Transporte de agua'),
(61, 121, '2024-03-18', 'Labranza avanzada'),
(62, 123, '2024-03-25', 'Riego por aspersión'),
(63, 125, '2024-04-01', 'Secado de granos'),
(64, 127, '2024-04-08', 'Recolección mecanizada'),
(65, 129, '2024-04-15', 'Transporte interno'),
(66, 131, '2024-04-22', 'Preparación de terreno'),
(67, 133, '2024-04-28', 'Nebulización de cultivos'),
(68, 135, '2024-05-05', 'Pasteurización'),
(69, 137, '2024-05-12', 'Cosecha experimental'),
(70, 139, '2024-05-19', 'Carga de herramientas'),
(71, 141, '2024-05-26', 'Labranza pesada'),
(72, 143, '2024-06-02', 'Riego móvil'),
(73, 145, '2024-06-09', 'Descascarillado'),
(74, 147, '2024-06-16', 'Cosecha ligera'),
(75, 149, '2024-06-23', 'Transporte todoterreno'),
(76, 102, '2024-06-30', 'Mantenimiento'),
(77, 104, '2024-07-07', 'Revisión técnica'),
(78, 106, '2024-07-14', 'Labranza intermedia'),
(79, 108, '2024-07-21', 'Transporte de grano'),
(80, 110, '2024-07-28', 'Triturado'),
(81, 112, '2024-08-04', 'Recolección'),
(82, 114, '2024-08-11', 'Distribución de leche'),
(83, 116, '2024-08-18', 'Labranza mecánica'),
(84, 118, '2024-08-25', 'Rociado automático'),
(85, 120, '2024-09-01', 'Procesamiento térmico'),
(86, 122, '2024-09-08', 'Cosecha automatizada'),
(87, 124, '2024-09-15', 'Transporte liviano'),
(88, 126, '2024-09-22', 'Labranza compacta'),
(89, 128, '2024-09-29', 'Riego por goteo'),
(90, 130, '2024-10-06', 'Prensado'),
(91, 132, '2024-10-13', 'Cosecha dual'),
(92, 134, '2024-10-20', 'Refrigeración de carga'),
(93, 136, '2024-10-27', 'Tractor eléctrico'),
(94, 138, '2024-11-03', 'Microaspersión'),
(95, 140, '2024-11-10', 'Empaque automatizado'),
(96, 142, '2024-11-17', 'Cosecha híbrida'),
(97, 144, '2024-11-24', 'Distribución de alimentos'),
(98, 146, '2024-12-01', 'Labranza moderna'),
(99, 148, '2024-12-08', 'Aspersión industrial'),
(100, 150, '2024-12-15', 'Triturado agrícola');

-- actividad_laboral 

INSERT INTO Actividad_Laboral (id_actividad, id_empleado, fecha, descripcion, duracion_horas, area) VALUES
(701, 51, '2025-01-02', 'Siembra de maíz', 5, 'cultivo'),
(702, 52, '2025-01-03', 'Mantenimiento de sistema de ordeño', 4, 'ordeño'),
(703, 53, '2025-01-03', 'Supervisión general de operaciones', 6, 'logística'),
(704, 54, '2025-01-04', 'Aplicación de fertilizantes', 3, 'cultivo'),
(705, 55, '2025-01-04', 'Control de calidad de leche', 4, 'ordeño'),
(706, 56, '2025-01-05', 'Revisión de inventario', 5, 'logística'),
(707, 57, '2025-01-06', 'Deshierbe de campo', 6, 'cultivo'),
(708, 58, '2025-01-06', 'Limpieza de equipos de ordeño', 3, 'ordeño'),
(709, 59, '2025-01-07', 'Logística de distribución', 5, 'logística'),
(710, 60, '2025-01-08', 'Riego de cultivos', 4, 'cultivo'),
(711, 61, '2025-01-09', 'Instalación de sistema automático', 5, 'ordeño'),
(712, 62, '2025-01-10', 'Planeación semanal', 6, 'logística'),
(713, 63, '2025-01-10', 'Control de plagas', 4, 'cultivo'),
(714, 64, '2025-01-11', 'Monitoreo sanitario del ganado', 3, 'ordeño'),
(715, 65, '2025-01-11', 'Reporte financiero', 6, 'logística'),
(716, 66, '2025-01-12', 'Siembra de hortalizas', 5, 'cultivo'),
(717, 67, '2025-01-13', 'Mantenimiento de sensores', 4, 'ordeño'),
(718, 68, '2025-01-13', 'Actualización de bases de datos', 5, 'logística'),
(719, 69, '2025-01-14', 'Labranza mecánica', 4, 'cultivo'),
(720, 70, '2025-01-15', 'Verificación de calidad', 3, 'ordeño'),
(721, 71, '2025-01-15', 'Gestión de transporte', 5, 'logística'),
(722, 72, '2025-01-16', 'Aplicación de herbicidas', 4, 'cultivo'),
(723, 73, '2025-01-17', 'Análisis de muestras de leche', 4, 'ordeño'),
(724, 74, '2025-01-17', 'Evaluación de procesos', 6, 'logística'),
(725, 75, '2025-01-18', 'Siembra de trigo', 5, 'cultivo'),
(726, 76, '2025-01-18', 'Limpieza de tanques', 3, 'ordeño'),
(727, 77, '2025-01-19', 'Auditoría interna', 6, 'logística'),
(728, 78, '2025-01-20', 'Preparación del terreno', 4, 'cultivo'),
(729, 79, '2025-01-20', 'Control de mastitis', 4, 'ordeño'),
(730, 80, '2025-01-21', 'Organización de bodega', 5, 'logística'),
(731, 81, '2025-01-22', 'Recolección de residuos', 3, 'cultivo'),
(732, 82, '2025-01-22', 'Revisión de bombas de ordeño', 4, 'ordeño'),
(733, 83, '2025-01-23', 'Supervisión de logística', 6, 'logística'),
(734, 84, '2025-01-24', 'Cosecha de papas', 5, 'cultivo'),
(735, 85, '2025-01-24', 'Revisión de temperatura de leche', 4, 'ordeño'),
(736, 86, '2025-01-25', 'Distribución de insumos', 5, 'logística'),
(737, 87, '2025-01-26', 'Preparación de surcos', 4, 'cultivo'),
(738, 88, '2025-01-26', 'Control sanitario del ganado', 4, 'ordeño'),
(739, 89, '2025-01-27', 'Supervisión de cargamentos', 5, 'logística'),
(740, 90, '2025-01-28', 'Desinfección del terreno', 3, 'cultivo'),
(741, 91, '2025-01-28', 'Calibración de sensores', 4, 'ordeño'),
(742, 92, '2025-01-29', 'Planificación logística mensual', 6, 'logística'),
(743, 93, '2025-01-30', 'Cultivo de legumbres', 5, 'cultivo'),
(744, 94, '2025-01-30', 'Mantenimiento preventivo', 4, 'ordeño'),
(745, 95, '2025-01-31', 'Entrega de reportes', 5, 'logística'),
(746, 96, '2025-02-01', 'Riego por aspersión', 3, 'cultivo'),
(747, 97, '2025-02-01', 'Evaluación del ordeño mecánico', 4, 'ordeño'),
(748, 98, '2025-02-02', 'Supervisión del equipo logístico', 6, 'logística'),
(749, 99, '2025-02-03', 'Deshierbe manual', 4, 'cultivo'),
(750, 100, '2025-02-03', 'Instalación de sensores térmicos', 4, 'ordeño');